,Rule 1,Rule 2,Initial clusters,CA Silhoutte,Heir Silhoutte,Kmeans Silhoutte,Birch Silhoutte
0,264499440,4039315215,6,0.13431574,0.4404285,0.44339222,0
1,264499440,4041289185,3,0.044879194,0.4404285,0.44339222,0
