,Rule 1,Rule 2,Initial clusters,CA Silhoutte,Kmeans Silhoutte,New Clusters,New CA Silhoutte,New Kmeans Silhoutte
0,755961615,2018212080,25,0.026850682706195197,0.21274725155898905,2,-0.07603881106303073,0.7663611080988648
1,755961615,2019194970,25,0.04146472487359844,0.21274725155898905,2,0.28327476194248963,0.7663611080988648
