,Rule 1,Rule 2,Initial clusters,CA Silhoutte,Kmeans Silhoutte,New Clusters,New CA Silhoutte,New Kmeans Silhoutte
0,1924428408,267448335,28,0.15625,0.15625,2,0.39605938934519,0.7663611080988648
1,1924428408,267448560,28,0.15625,0.15625,2,0.39605938934519,0.7663611080988648
