,Rule 1,Rule 2,Initial clusters,CA Silhoutte,Kmeans Silhoutte,New Clusters,New CA Silhoutte,New Kmeans Silhoutte
0,1016918172,4027518936,4,-0.11882107142633833,0.6624775722716753,2,0.02792009032270497,0.7663611080988648
